Bill Boebel,https://angel.co/billboebel
Joshua Baer,https://angel.co/joshuabaer
Michael Dell,https://angel.co/michael-dell
Nick Wyman,https://angel.co/nickwyman
Rick Wittenbraker,https://angel.co/wittrick
David Cohen,https://angel.co/davidcohen
Jason Seats,https://angel.co/jason-seats
Asad Zafar,https://angel.co/asad-zafar
Rony Kahan,https://angel.co/rony-kahan
Kenny Van Zant,https://angel.co/kennyvz
Chris Plough,https://angel.co/chrisplough
Cotter Cunningham,https://angel.co/eatokra
Sam Decker,https://angel.co/samdecker
Jason Cohen,https://angel.co/asmartbear
David Wieland,https://angel.co/david-wieland
Lukas Bouvrie,https://angel.co/lukasbouvrie
Alex Chang,https://angel.co/alex-chang-1
David Hauser,https://angel.co/dh
Andrew Busey,https://angel.co/andrew-busey
Arun Prakash,https://angel.co/arun-prakash-1
Cameron Drummond,https://angel.co/cameron-drummond
Rob Taylor,https://angel.co/rob-taylor
Alan Michael Kane,https://angel.co/alan-michael-kane
Russell Hinds,https://angel.co/russell-hinds
John Fanguy,https://angel.co/john-fanguy
Steve Welch,https://angel.co/welchsteven
Mellie Price,https://angel.co/mellieprice
Morgan Flager,https://angel.co/morgan-flager
Rick Timmins,https://angel.co/rick-timmins
Darwin Ling,https://angel.co/darwin-ling
Scot Chisholm,https://angel.co/scot-chisholm
Tucker Max,https://angel.co/tucker-max
Brett Hurt,https://angel.co/bazaarbrett
Central Texas Angel Network,https://angel.co/ctanangels
Jonathan Coon,https://angel.co/jonathancoon
Ian Clarke,https://angel.co/ian-clarke
Scott Kosch,https://angel.co/scottkosch
Jared Slosberg,https://angel.co/jared-slosberg
Arthur Edstrom,https://angel.co/arthur-edstrom
Colin Corgan,https://angel.co/colin-corgan
Michael Trafton,https://angel.co/mikeytrafton
Ross Buhrdorf,https://angel.co/ross-buhrdorf
Bril Flint,https://angel.co/bril
Johannes Larcher,https://angel.co/johannes-larcher
Rosa L. McCormick,https://angel.co/rosa-l-mccormick
Chuck Gordon,https://angel.co/chuck-gordon
Gordon Daugherty,https://angel.co/gordon-daugherty
Jason Reneau,https://angel.co/jason-reneau
Shane Adams,https://angel.co/shane-adams-1
Hans Erickson,https://angel.co/hans-erickson
Josh Kerr,https://angel.co/joshkerr
John Hime,https://angel.co/johnhime
Wesley Barnett,https://angel.co/wesleybarnett
Bryan Menell,https://angel.co/bryan-menell
Andrew Eye,https://angel.co/andrew-eye
Denis O'Dwyer,https://angel.co/denis-o-dwyer
Mitchell Harper,https://angel.co/mitchellharper
Jason Traff,https://angel.co/jasontraff
Jonathan Berkowitz,https://angel.co/jonathan-berkowitz
Yvonne Tocquigny,https://angel.co/yvonnet
Brian Magierski,https://angel.co/brian-magierski
Nicholas White,https://angel.co/desertbunny
Jonas Lamis,https://angel.co/jonaslamis
Steve Waters,https://angel.co/thinktiventures
Jonathan Ellis,https://angel.co/jonathan-ellis
Joel Trammell,https://angel.co/jtrammell
Bill Moore,https://angel.co/bill-moore
David Wesson,https://angel.co/david-wesson
Richard Jalichandra,https://angel.co/richard-jalichandra
JR Garcia,https://angel.co/jr-garcia
Tim Sullivan,https://angel.co/tsullivan82
Neal Rapoport,https://angel.co/nealrap
Sean Lane,https://angel.co/seanllane
Christopher Sherman,https://angel.co/csherman
Neelan Choksi,https://angel.co/neelan
Bernard Brenner,https://angel.co/bernard-brenner
John Hamlin,https://angel.co/john-hamlin
Mark Hicks,https://angel.co/mark-hicks
James Ledoux,https://angel.co/james-ledoux
Josh Jones-Dilworth,https://angel.co/joshjonesdilworth
Robert Fabbio,https://angel.co/robert-fabbio
David Bettner,https://angel.co/davidbettner
Scott Miller,https://angel.co/scott-miller-1
Travis Devitt,https://angel.co/travis-devitt
Matt Thomson,https://angel.co/matt-thomson
Purav Patel,https://angel.co/purav-patel
Larry Walker,https://angel.co/larry-walker
Eric Gould Bear,https://angel.co/eric-gould-bear
Jason Aramburu,https://angel.co/jaramburu
Craig Harris,https://angel.co/charris
Matthew Kimball,https://angel.co/omoios
Sean Spector,https://angel.co/sean-spector-1
Evan Baehr,https://angel.co/evanbaehr
Kevin Doner,https://angel.co/kevin-doner
Brad Wilson,https://angel.co/bradwilson
Steve Semelsberger,https://angel.co/steve-semelsberger
Dan Graham,https://angel.co/dan-graham-1
Jeff Harbach,https://angel.co/jeffharbach
Dennis Kashkin,https://angel.co/dkashkin
Joshua Shipsey,https://angel.co/jshipc
Barrett Wood,https://angel.co/woodgen
Cyril Moutran,https://angel.co/mocy
Matt Lyons,https://angel.co/matt-lyons
Nathaniel Robinson,https://angel.co/nbrobinson
Jason Boulette,https://angel.co/jason-boulette
Lynn Yeldell,https://angel.co/lynnyeldell
Ben Gaddis,https://angel.co/ben-gaddis
David Johnston,https://angel.co/david-johnston
Carl Shepherd,https://angel.co/carl-shepherd
Ed Anderson,https://angel.co/ed-anderson
Justin Jensen,https://angel.co/justn140
Mark Warms,https://angel.co/mwarms
Jacob Shea,https://angel.co/jacob-shea
Joshua Chodniewicz,https://angel.co/joshua-chodniewicz
Erik Josowitz,https://angel.co/erik-josowitz
Bart Robertson,https://angel.co/bart-robertson
John Paulos,https://angel.co/jpaulos
Mike Smith,https://angel.co/themlsmith
John Sung Kim,https://angel.co/johnsungkim
Bret Cox,https://angel.co/bretcox
Paul Janowitz,https://angel.co/pauljanowitz
Mason Arnold,https://angel.co/masonarnold
JC Butler,https://angel.co/jc-butler
John Cox,https://angel.co/epjohn
John Curtis,https://angel.co/john-curtis-1
Vik Vad,https://angel.co/vikvad
Brian Coppola,https://angel.co/brian-coppola
Blake Borgeson,https://angel.co/blake-borgeson
Gary Glass,https://angel.co/gary-glass
Shion Deysarkar,https://angel.co/shiondev
Alan Schoenbaum,https://angel.co/alan-schoenbaum
Suaad Sait,https://angel.co/suaad-sait
Phillip Mertz,https://angel.co/pm-2
Jeff Gemperle,https://angel.co/jeff-gemperle
Dave DeMink,https://angel.co/dave-demink
Alex Smith,https://angel.co/jalexsmith
Nathan K Smith,https://angel.co/austintenantadv
Marcus Turner,https://angel.co/marcus-compton
Neeraj Bansal,https://angel.co/versity
Michael Misikoff,https://angel.co/michael-misikoff
Marc Mattox,https://angel.co/marc-mattox
Gregory O. Welch,https://angel.co/gowelch
John Banczak,https://angel.co/john-banczak
Jeb Boyt,https://angel.co/jeb-boyt
Bryon Jacob,https://angel.co/bryon-jacob
Michael Breen,https://angel.co/mdbreen
Dave Erb,https://angel.co/dave-erb
Shawn Bose,https://angel.co/shawn-bose
Patrick Duncan,https://angel.co/patrick-duncan
Taylor Benefield,https://angel.co/taylor-benefield
Rick Lundbom,https://angel.co/rick-lundbom
Abe Marciano,https://angel.co/abraham-marciano
Shane Kelly,https://angel.co/shanekelly
Sam Goodner,https://angel.co/sam-goodner
Hollis Tibbetts,https://angel.co/softwarehollis
Todd LeBaron,https://angel.co/todd-lebaron
Brian Goldberg,https://angel.co/brian-goldberg
Rob Neville,https://angel.co/rob-neville
Jeffrey Fry,https://angel.co/macromental
Jered Kenna,https://angel.co/jered-kenna
Will Johnson,https://angel.co/will-johnson-2
Taleeb Noormohamed,https://angel.co/taleeb-noormohamed
Daniel Keelan,https://angel.co/dckeelan
Sam Gaddis,https://angel.co/samgaddis
Sanjay Lall,https://angel.co/sanjay-lall
Andy Ambrose,https://angel.co/andy-ambrose
Chad Huston,https://angel.co/chad-huston
Craig Lawrence,https://angel.co/craig-lawrence
William Morgan,https://angel.co/william-morgan
Ryan Cush,https://angel.co/ryan-cush
Dennis Tracey,https://angel.co/dennis-tracey
Bob Bridge,https://angel.co/bob-bridge
Brooks Morgan,https://angel.co/brooks-a-morgan
Joe Ross,https://angel.co/joe-ross
Jason Gill,https://angel.co/jason-gill
Andy Sernovitz,https://angel.co/andy-sernovitz
Michael Braithwaite,https://angel.co/michael-braithwaite
Erin Mulligan Nelson,https://angel.co/erinclaire
Jason Ford,https://angel.co/jasford
Manoj Saxena,https://angel.co/manoj-saxena
Dave Perry,https://angel.co/dave-perry
Adam Green,https://angel.co/adam-green-2
Alvaro Jimenez,https://angel.co/alvarojff
Greg Porter,https://angel.co/gregorycporter
Scott Francis,https://angel.co/sfrancisatx
David Loia,https://angel.co/david-loia
Rob Hanna,https://angel.co/rob-hanna
Paul Rafalowski,https://angel.co/paul-rafalowski
Hoyt Prisock,https://angel.co/hoyt-prisock
Mike Kuryak,https://angel.co/mike-kuryak
Shahzil Shaz Amin,https://angel.co/shahzil-shaz-amin
Jay Moran,https://angel.co/jaym
Patrick Drew ,https://angel.co/patrickddrew
Roy Sosa,https://angel.co/roy-sosa
Cherise Whitmen,https://angel.co/cherise-whitmen
Subbu Sthanu,https://angel.co/subbu-sthanu
Thomas Fredell,https://angel.co/thomas-fredell
Terry Peng,https://angel.co/terry-peng
Dustin Donnell,https://angel.co/dustin-donnell
Taylor Hawes,https://angel.co/taylor-hawes
Fred Schmidt,https://angel.co/fred-schmidt
J.C. Adams,https://angel.co/jcadamsiii
Fehzan Ali,https://angel.co/fehzan-ali
Eric Clymer,https://angel.co/esclyme
Nam Tran,https://angel.co/ntran
Titus Gaboury,https://angel.co/titus-gaboury
David Norton,https://angel.co/david-norton-1
Luke Padwick,https://angel.co/luke-padwick
Patrick Poljan,https://angel.co/patrick-poljan
Chris Gillan,https://angel.co/chris-gillan
Josh Bolinger,https://angel.co/joshbolinger
Sameer Jagtap,https://angel.co/sameerjagtap68
Scott Jensen,https://angel.co/scott-jensen-1
Noel Geren,https://angel.co/ngeren
Jai Mehta,https://angel.co/jai-mehta
Kyle Sale,https://angel.co/kyle-sale
Raul Ramirez,https://angel.co/raul-ramirez-1
Philip R Berber,https://angel.co/philip-berber
Bruce Callen,https://angel.co/bruce-callen
Rick Westervelt,https://angel.co/rick-westervelt
Shakeel Rashed,https://angel.co/shakeel-rashed
Keith Bailly,https://angel.co/keith-bailly-itformobile
Dennis Carpenter,https://angel.co/dennis-carpenter-1
Joe Freedman,https://angel.co/joe-freedman
Josh Kivenko,https://angel.co/josh-kivenko
Kurt Wilkin,https://angel.co/kurt-wilkin
Craig Halley,https://angel.co/craig-halley
Naveen Valeti,https://angel.co/naveen-valeti
Liz Harder,https://angel.co/liz-harder
M. David Cloyd,https://angel.co/marshall-david-cloyd
NSR Holdings,https://angel.co/nsrholdings
Chris Walk,https://angel.co/chris-walk
Cecil R. Reynolds,https://angel.co/cecil-reynolds-ph-d
Nathan,https://angel.co/nathan-w
Sabrina Brown,https://angel.co/sabrina-brown
Jay Brown,https://angel.co/jay-brown-1
Craig Weems,https://angel.co/craig-weems
Joe Edgar,https://angel.co/joseph-edgar
Dave Cutherell,https://angel.co/dave-cutherell
hallmartin,https://angel.co/hallmartin
Tim Dowling,https://angel.co/tim-dowling
Tommy Grupa,https://angel.co/tommygrupa
"E. Randy Eckert, MD",https://angel.co/randy-eckert
Tom Brown,https://angel.co/thomas-brown-3
Ben Kweller,https://angel.co/benkweller
Jahoor Vohra,https://angel.co/jahoor512
Bill Herrmann,https://angel.co/bill-herrmann-1
Reagan Evans,https://angel.co/reagan-evans
Mike Bousquet,https://angel.co/mike-bousquet
Oliver E. Cunningham,https://angel.co/strongarmgkc
Michael Muegel,https://angel.co/t9mike
Cody McLain,https://angel.co/neocody
Andrew Fielding,https://angel.co/atfinola
Jacob Marc Grady,https://angel.co/jacobgrady
Chantal Pittman,https://angel.co/chantal-pittman-5
Jason French,https://angel.co/jason-french-1
Justin Edwards,https://angel.co/logicwins
Bob Richardson,https://angel.co/bob-richardson
Brandon Hicks,https://angel.co/brandon-hicks
Daryl White,https://angel.co/daryl-white
Irl Nathan,https://angel.co/irl-nathan
Blaise Timco,https://angel.co/blaise-timco
Dan Cornish,https://angel.co/dcornish
Shashi Upadhyay,https://angel.co/shashi-upadhyay
