Bill O'Donnell,https://angel.co/billo
Paul English,https://angel.co/englishpaulm
Nicholas Negroponte,https://angel.co/nicholas-negroponte
Joe O'Connor,https://angel.co/joe_oconnor
Kevin Colleran,https://angel.co/kevincolleran
Neil Chheda,https://angel.co/neilchheda
Mike Baker,https://angel.co/mike-baker
Bob Mason,https://angel.co/robertmason
Hugh Crean,https://angel.co/hugh-crean
Jeffrey P. Parker,https://angel.co/jeffrey-p-parker
Brian Balfour,https://angel.co/bbalfour
Jeff Seibert,https://angel.co/jeffseibert
David Chang,https://angel.co/david-chang
Nick Wyman,https://angel.co/nickwyman
Jason Seats,https://angel.co/jason-seats
Nick Ducoff,https://angel.co/nd
Jay Batson,https://angel.co/jay-batson
Art Papas,https://angel.co/art-papas
Waikit Lau,https://angel.co/waikitlau
Tony L. Chen,https://angel.co/tonylchen
Dave Balter,https://angel.co/dave-balter
Joi Ito,https://angel.co/joi
Peter Wernau,https://angel.co/pwernau
Andrew McCollum,https://angel.co/amccollum
Joe Caruso,https://angel.co/joecaruso2020
George Kassabgi,https://angel.co/gk_
Jennifer Lum,https://angel.co/jenniferlum
Steve Garfield,https://angel.co/stevegarfield
Andrew Payne,https://angel.co/payne92
Wayne Chang,https://angel.co/wayne
James Geshwiler,https://angel.co/geshwiler
Ty Danco,https://angel.co/tydanco
Jeremy Levine,https://angel.co/jerlevine
Matt Thazhmon,https://angel.co/matt-thazhmon
Mike Volpe,https://angel.co/mike-volpe
Bong Koh,https://angel.co/bong
Andy Palmer,https://angel.co/andy-palmer
David Hauser,https://angel.co/dh
Eric Kagan,https://angel.co/eric-kgnhllc
Maia Heymann,https://angel.co/maia-heymann
Mackey Craven,https://angel.co/mackeycraven
John Landry,https://angel.co/leaddog99
Dan Relihan,https://angel.co/dan_relihan
Jeremy Hitchcock,https://angel.co/jeremy-hitchcock
Vikas Taneja,https://angel.co/vikas-taneja
Preetham Gaddam,https://angel.co/reddy
Semyon Dukach,https://angel.co/semyon-dukach
Arthur Watson,https://angel.co/arthur-watson
Bill Warner,https://angel.co/bill-warner
Steve Wolf,https://angel.co/stevewolf
Eric Groves,https://angel.co/eric-groves
William Guttman,https://angel.co/william-guttman
Walt Doyle,https://angel.co/waltdoyle
Andrew Moss,https://angel.co/andrew-moss
Will Herman,https://angel.co/willherman
Joshua Summers,https://angel.co/summmmers
Waseem Daher,https://angel.co/wdaher
Michael Dornbrook,https://angel.co/michael-dornbrook
J. Stuart Moore,https://angel.co/j-stuart-moore
Tim Rowe,https://angel.co/tim-rowe
Stan Miroshnik,https://angel.co/stan-miroshnik
Scot Chisholm,https://angel.co/scot-chisholm
Eran Egozy,https://angel.co/eran-egozy
Jill C. Preotle,https://angel.co/jillpreotle
Aaron Houghton,https://angel.co/aaron-houghton
Martin Pitkow,https://angel.co/marty-pitkow
Jay Meattle,https://angel.co/meattle
Steven Lee,https://angel.co/steven-lee
Sean Moran,https://angel.co/seanrmoran
Eugene Kuznetsov,https://angel.co/eugene-kuznetsov
Tim Curran,https://angel.co/tim-curran
Arie Abecassis,https://angel.co/arie-abecassis
Matt Douglas,https://angel.co/matt-douglas
Lars Albright,https://angel.co/lars-albright
Doug Levin,https://angel.co/dalev
Andrew Paradise,https://angel.co/andrew-paradise
Philip H. Beauregard,https://angel.co/philbeauregard
David Jegen,https://angel.co/davidjegen
Han Shu,https://angel.co/han-shu
Mike Zelnick,https://angel.co/mike-zelnick
Shalin Shah,https://angel.co/shalins
Russ Wilcox,https://angel.co/russ-wilcox
Jake Dacey,https://angel.co/jakedacey
Saleh Daher,https://angel.co/salehdaher
Jordan Mendell,https://angel.co/jordanmendell
Jere Doyle,https://angel.co/jere-doyle
Neha Narula,https://angel.co/neha-narula
Doug Hurd,https://angel.co/doug-hurd
Jason Henrichs,https://angel.co/jasonhenrichs
Habib Haddad,https://angel.co/habib
Zen Chu,https://angel.co/zenven
David Baum,https://angel.co/david-baum
Preston Ford,https://angel.co/preston-ford
Jeffrey M. Stoler,https://angel.co/jmstoler
Christopher Thorpe,https://angel.co/christopher-thorpe
Kayvon Bina,https://angel.co/kayvon-bina
Drew Volpe,https://angel.co/drew-volpe
Ron Rubbico,https://angel.co/ron-rubbico
Chase Garbarino,https://angel.co/cgarb
Brad Kayton,https://angel.co/bradk
Chris Stix,https://angel.co/chris-stix
Clément Cazalot,https://angel.co/clement-cazalot
JS Cournoyer,https://angel.co/jscournoyer
Amjad Hussain,https://angel.co/amjad-hussain
Rich Paret,https://angel.co/richparet
Jamie Hall,https://angel.co/jamieson-hall
Adam Berrey,https://angel.co/aberrey
Boston Syndicates,https://angel.co/boss
Gitika Srivastava,https://angel.co/gitika-srivastava
Fred Shilmover,https://angel.co/freds
Adam Miller,https://angel.co/adamjgmiller
Nick Fasano,https://angel.co/nick-fasano
Uli Mittermaier,https://angel.co/ulim
Masumi Nakamura,https://angel.co/masumi-nakamura
Dan Von Kohorn,https://angel.co/danvk
David Verrill,https://angel.co/david-verrill
Shereen Shermak,https://angel.co/shereen-shermak
Jennifer E. Byrne,https://angel.co/jennifer-e-byrne
Sheryl Schultz,https://angel.co/sherylschultz
Dan Kurani,https://angel.co/dankurani
Steve Willis,https://angel.co/steve-willis
PJ Solomon,https://angel.co/pj-solomon1
Gil Dibner,https://angel.co/gdibner
David Opolon,https://angel.co/david-opolon
Eric Silverman,https://angel.co/eric-silverman
Aman Kumar,https://angel.co/aman
Bob Cramer,https://angel.co/bob-cramer1
Brian Eberman,https://angel.co/brian-eberman
Bilal Zuberi,https://angel.co/bzuberi
Mei Zuo,https://angel.co/mei-z
"Andrew ""Drew"" Koven",https://angel.co/andrew-drew-koven
Mike Putnam,https://angel.co/mputnam
Steven Kane,https://angel.co/stevenkane
Howie Hecht,https://angel.co/howie-hecht
Ari Buchler,https://angel.co/ari-buchler
Andrew Sudbury,https://angel.co/andrew-sudbury
Elizabeth G Riley,https://angel.co/elizabeth-g-riley
Prashanth Bungale,https://angel.co/bungale
Andreas Goeldi,https://angel.co/agoeldi
Tole Khesin,https://angel.co/tole-khesin
Tom Pappas,https://angel.co/tom-pappas
Sean Lane,https://angel.co/seanllane
Jim Aylward,https://angel.co/jim-aylward
Rajesh Ramanand,https://angel.co/rajesh-ramanand
Sergey Gribov,https://angel.co/sgribov
Elisabeth Carpenter,https://angel.co/elisabeth-carpenter
Niraj Shah,https://angel.co/niraj-shah
Rana Kashyap,https://angel.co/rana-kashyap
Frank Edelblut,https://angel.co/frank-edelblut
Derek Zanga,https://angel.co/derek-zanga
Josef Mueller,https://angel.co/josef-mueller
James D Tollman,https://angel.co/james-d-tollman
Bruce Shaw,https://angel.co/brucepshaw
Max Metral,https://angel.co/djmax
Harpreet Grewal,https://angel.co/harpreet-grewal
Warren Katz,https://angel.co/warren-katz
Mario Ricciardelli,https://angel.co/marioricci
Peter Kirwan,https://angel.co/peter-kirwan
Carlos Cashman,https://angel.co/carlos-cashman
Sanjeev Jain,https://angel.co/sanjeev-jain
Ravi Agarwal,https://angel.co/ravi-agarwal
Eric Brown,https://angel.co/ericrbrown
Chris Maeda,https://angel.co/xmaeda
Jim Sokoloff,https://angel.co/jim-sokoloff
Elizabeth Zalman,https://angel.co/cuffandtweed
Eileen Rudden,https://angel.co/eileenrudden
Mitchell Roberts,https://angel.co/mitchell-roberts
Larry Walker,https://angel.co/larry-walker
Barry Libert,https://angel.co/barry-libert
Durjoy Ace Bhattacharjya,https://angel.co/ace
Brian Sheng,https://angel.co/brian-sheng
David Rose,https://angel.co/david-rose
Peter D Parker ,https://angel.co/peter-d-parker
Rajeev Surati,https://angel.co/rsurati
Adrian Talapan,https://angel.co/adrian-talapan
Giorgos Zacharia,https://angel.co/giorgos-zacharia
Tom Lazay,https://angel.co/tom-lazay
Paul Karger,https://angel.co/the-paul-karger
Patrik Outericky,https://angel.co/patrik-outericky
Evan Baehr,https://angel.co/evanbaehr
Hambleton Lord,https://angel.co/hambleton-lord
Christine Perkett,https://angel.co/christine-perkett
Brian Kalma,https://angel.co/krianbalma
Daniel Goldman,https://angel.co/daniel-goldman-2
Errik Anderson,https://angel.co/errikanderson
Tim Jackson,https://angel.co/timjaxn
Geoffrey Hyatt,https://angel.co/geoffreyhyatt
L.D. Salmanson,https://angel.co/l-d-salmanson
Michael de la Maza,https://angel.co/michael-de-la-maza
Kris Tuttle,https://angel.co/kris-tuttle
Allan Tear,https://angel.co/allantear
Jeff Whatcott,https://angel.co/jeff-whatcott
Rohit Gupta,https://angel.co/rogupta
Jit Saxena,https://angel.co/jit-saxena
Julian Jung,https://angel.co/julian-jung
Craig Follett,https://angel.co/craigfollett
Conor Stanley,https://angel.co/conorstan
Brett Marley,https://angel.co/brettdmarley
Krista Pappas,https://angel.co/pappas
Tamra Johnson,https://angel.co/tamra-johnson
Peter Parker,https://angel.co/peter-parker
AJ McGuire,https://angel.co/aj-mcguire
Karen Murphy ,https://angel.co/kmurphyrobledo
Bob Crowley,https://angel.co/bcrowley
Tom O'Connell,https://angel.co/tom-o-connell
Carter Williams,https://angel.co/carter-williams
Jason Zan,https://angel.co/jason-zan
Jeffrey Beir,https://angel.co/jbeir
Harry Sverdlove,https://angel.co/harry-sverdlove
Ming-Tai Huh,https://angel.co/mingtai
Craig S. Issod,https://angel.co/craig-issod
Jeffrey Glass,https://angel.co/jeffrey-glass
Ben Pouladian,https://angel.co/benitos
Stephen Andress,https://angel.co/stephen-andress
Brian Dixon,https://angel.co/brian-dixon
Elias Torres,https://angel.co/eliast
Tom Carter,https://angel.co/tomcarter
Evan Schwartz,https://angel.co/evanmsc
Brett Hershey,https://angel.co/brett-hershey
Ashesh C Shah (alex),https://angel.co/alexshah
Arik Keller,https://angel.co/arik-keller
Jake Shapiro,https://angel.co/jakeshapiro
graychynoweth,https://angel.co/graychy
Rasmus Goksor,https://angel.co/goksor
Rob Robinson,https://angel.co/rrobinson
Raj Gokal,https://angel.co/raj-gokal
Leon Liebman,https://angel.co/leon-liebman
Zac Cherry,https://angel.co/zac-cherry
Jerry Grochow,https://angel.co/jerry-grochow
Timothy Barton,https://angel.co/timothy-barton
Greg Pesik,https://angel.co/gpesik
Miguel De Icaza,https://angel.co/migueldeicaza
Chris Klomp,https://angel.co/klomp
Narasimhan Krishnamachari,https://angel.co/narasimhan-krishnamachari
Andre Gardner,https://angel.co/andre-gardner
Alexander Falk,https://angel.co/afalk
Victor Jablokov,https://angel.co/victor-jablokov
Jim Salem,https://angel.co/jcsalem
Jessica McLear,https://angel.co/jessica-mclear-1
Richard F. Dulude,https://angel.co/rd
Brian York,https://angel.co/brian-york
Lou Orfanos,https://angel.co/lou-s-orfanos
Danny Crichton,https://angel.co/danny-crichton
Barbara Clarke,https://angel.co/barbara-clarke
J Koehler,https://angel.co/jkoehler
Oliver Steele,https://angel.co/steele-osteele-com
Leo Koenig,https://angel.co/leo-koenig
Michael Krueger,https://angel.co/michaelmkrueger
Clayton Sachs,https://angel.co/claytonsachs
Mark G. Johnson,https://angel.co/mark-g-johnson
Mike Massaro,https://angel.co/mmassaro
Oleg Uritsky,https://angel.co/oleguritsky
M. Todd Farrell,https://angel.co/m-todd-farrell
Paul Griffiths,https://angel.co/paul-h-griffiths
Ben Bixby,https://angel.co/ben-bixby
Alan Albert,https://angel.co/alan-albert
Gaugarin Oliver,https://angel.co/gaugarin-oliver
Brennan White,https://angel.co/brennan-white
Jeremy Levitan,https://angel.co/jeremy-levitan
Matt Peters,https://angel.co/mpeters
Diane Hessan,https://angel.co/diane-hessan
Ian Mashiter,https://angel.co/ian-mashiter
Kayle Sawyer,https://angel.co/kslays
Scott Yaphe,https://angel.co/scott-yaphe-1
Robert P Smith,https://angel.co/robert-p-smith
Greg O'Keeffe,https://angel.co/greg-okeeffe
Howard Wolk,https://angel.co/howard-wolk
Jamie Maynard,https://angel.co/jamie-maynard
Dave Kusek,https://angel.co/davekusek
Ish Dugal,https://angel.co/ish-dugal
Chafik Boukhalfa,https://angel.co/chafik-boukhalfa
Todd Garland,https://angel.co/todd-garland
Jenn Reichenbacher,https://angel.co/jenn-reichenbacher
Proud Limpongpan,https://angel.co/proud-limpongpan
Rod Rohda,https://angel.co/rod-rohda
Kirill Bensonoff,https://angel.co/prankstr25
Ian Levine,https://angel.co/ian-levine
Florian Huber,https://angel.co/florianhuber
Bruce Miller,https://angel.co/bruce-miller
Bret Siarkowski,https://angel.co/bret-siarkowski
Marilyn Kramer,https://angel.co/marilyn-kramer
Brian Reese,https://angel.co/breese27
Don Epperson,https://angel.co/dceppersonjr
Warren Paul Anderson,https://angel.co/warpaul
Gabe Wilcox,https://angel.co/gabe-wilcox
John Edwards,https://angel.co/john-edwards1
Thomas Waite,https://angel.co/thomas-waite
Sean Walter,https://angel.co/seanbwalter
Nanda Krish,https://angel.co/nanda-krish
Jeffrey Ries,https://angel.co/jeffrey-ries
Zac Goldberg,https://angel.co/zac-goldberg
Michael A M Davies,https://angel.co/mamd
Adam Broun,https://angel.co/adam-broun
Dan Deac,https://angel.co/dan-deac
Mark Donohue,https://angel.co/markdonohue
Mike Pierce,https://angel.co/mike-pierce
Michael Sattler,https://angel.co/michael-sattler
Brian Costello,https://angel.co/brianscostello
Tom Pincince,https://angel.co/tom-pincince
chris baldwin,https://angel.co/chris-baldwin
Joshua Kauffman,https://angel.co/joshua-a-r-kauffman
Eugene Chiu,https://angel.co/eugene-chiu
Sanjay Hundiwala,https://angel.co/sanjay-hundiwala
André LeBlanc,https://angel.co/andr-leblanc
Marian Dusan,https://angel.co/marian-dusan
John Sy,https://angel.co/john-sy
Paul Ferreira,https://angel.co/paul-ferreira
Eswar Mani,https://angel.co/eswar-mani
Richard Walton,https://angel.co/richard-walton
Wesley Karger,https://angel.co/wesley-karger
Raza Shaikh,https://angel.co/raza-shaikh
Matt Sutton,https://angel.co/matthew-sutton-1
Mark Klusza,https://angel.co/mark-klusza
David Carpe,https://angel.co/dcarpe
David Reeves,https://angel.co/david-reeves
John Davie,https://angel.co/john-davie
William Crawford,https://angel.co/william-crawford
Rick Gallagher,https://angel.co/rick-gallagher
Jason Syversen,https://angel.co/jason-syversen
Scott Rodie,https://angel.co/scott-rodie
Imran Sayeed,https://angel.co/imran-sayeed
Andrei Oprisan,https://angel.co/andreioprisan
Gavin White,https://angel.co/gavin-white
Brian Bickford,https://angel.co/brian-bickford
Gregg Monastiero,https://angel.co/gregg-monastiero
Rob Saccone,https://angel.co/rob-saccone
Phil Ming Xu,https://angel.co/mingnetworkd
Theresa Leigh,https://angel.co/theresaleigh
Gil Anderson,https://angel.co/ganderson
Cainon Coates,https://angel.co/cainon-coates
Matthew Collier,https://angel.co/matthew-collier
Avner Schneur,https://angel.co/avner-schneur
Julio Florez,https://angel.co/julio-florez
Mandie Holmes,https://angel.co/mandieholmes
Ellen Ferrante,https://angel.co/ellen-ferrante
Chris Meelia,https://angel.co/chris-meelia
Michael Perlmutter,https://angel.co/michael-perlmutter
Mary Ruddy,https://angel.co/mary-ruddy
Riz Karim,https://angel.co/riz-karim
Cem Baydar,https://angel.co/dr-cem-baydar
Rob Kennedy,https://angel.co/robkennedy
Daniel Krizek,https://angel.co/danielkrizek
Brian Karas,https://angel.co/brian-karas
Dustin Clinard,https://angel.co/dustin-clinard
Laurie Cohn,https://angel.co/laurie-cohn
Ryan O'Hagan,https://angel.co/ryanmohagan
Todd Markson,https://angel.co/todd-markson
Sam Figler,https://angel.co/sam-figler
Avery Eisenreich,https://angel.co/avery-eisenreich
Carl Byers,https://angel.co/carlbyers
Saeyoon Baik,https://angel.co/saeyoonb
Rafael Pinedo,https://angel.co/rafael-a-pinedo
Khashayar Kaykhosrowpour,https://angel.co/khashayar
Saïd Eastman,https://angel.co/said-eastman
John Chen,https://angel.co/john-chen-1
Cornelius (Cory) Peterson,https://angel.co/cornelius-cory-peterson
Tariq Kassum,https://angel.co/tariq-kassum
Robert Finlay,https://angel.co/rob-finlay-1
Mike Ellenbogen,https://angel.co/mike-ellenbogen
Mark Ohanian,https://angel.co/mark-ohanian
Mark Dorn,https://angel.co/mark-dorn
Deb Gerardi Kemper,https://angel.co/dgk
Mel Webster,https://angel.co/melwebster
Jim Fini,https://angel.co/jim-fini
Ben Cohen,https://angel.co/benccohen
Rajat Kulshrestha,https://angel.co/rajat-kulshrestha
Stacy Lovell Pfautz,https://angel.co/stacylp
Brian Bostwick,https://angel.co/brian-bostwick
"James C. Donnelly, Jr.",https://angel.co/james-c-donnelly-jr
Nate Walton,https://angel.co/nywalton
M K,https://angel.co/m-k
Sarah Roeder,https://angel.co/sarah-roeder
John Brooks,https://angel.co/john-brooks-4
Karl Dias,https://angel.co/karl-dias
Frank Selldorff,https://angel.co/frank-selldorff
David Nahmiyas,https://angel.co/david-nahmiyas
Brian Sprawka,https://angel.co/brian-sprawka
Kristen Young,https://angel.co/kristen-young
Jonathan Saunders,https://angel.co/jonathan-saunders
James Crane,https://angel.co/james-crane
Garrett Johnston,https://angel.co/garrett-johnston
Vladmir Medvedovsky,https://angel.co/vladmir-medvedovsky
Andreas Mjelde,https://angel.co/andreas-mjelde
Rick Watkins,https://angel.co/rick-watkins
Megan Kelleher,https://angel.co/megan-kelleher
Greg Cipriano,https://angel.co/greg-cipriano
Sean Power,https://angel.co/sean-power
Shashi Upadhyay,https://angel.co/shashi-upadhyay
