Kevin Willer,https://angel.co/kwiller
Deborah Quazzo,https://angel.co/deborah-quazzo
Vic Morgenstern,https://angel.co/vic-morgenstern
Ira Weiss,https://angel.co/ira-weiss
Steve Olechowski,https://angel.co/steveobd
Woody Levin,https://angel.co/woodrow-levin
David Cohen,https://angel.co/davidcohen
Ben Huh,https://angel.co/benhuh
Brian Balfour,https://angel.co/bbalfour
Jason Seats,https://angel.co/jason-seats
Sam Yagan,https://angel.co/sam-yagan
Jumpstart Ventures,https://angel.co/jumpstart-ventures
Stuart Larkins,https://angel.co/stuartlarkins
Christopher Chan,https://angel.co/christopher-chan-1
Wayne Boulais,https://angel.co/wayne-boulais
Dmitry Kobyshev,https://angel.co/dmitry-kobyshev
Brad Purdy,https://angel.co/bradwpurdy
Brian Spaly,https://angel.co/brian-spaly
Bong Koh,https://angel.co/bong
David Wieland,https://angel.co/david-wieland
Troy Henikoff,https://angel.co/troyhenikoff
Andy Yang,https://angel.co/andyyang
R.H. Bailin,https://angel.co/r-h-bailin
Luke Shepard,https://angel.co/luke-shepard
Arthur Watson,https://angel.co/arthur-watson
Alexander Goldstein,https://angel.co/alexg0
Brian Hand,https://angel.co/brianhand
Ravi Srivastava,https://angel.co/rpsrivastava
Darwin Ling,https://angel.co/darwin-ling
Mark Friedgan,https://angel.co/hubrix
Jeff Cantalupo,https://angel.co/jeff-cantalupo
Zack Christensen,https://angel.co/zchristensen
Jordan Curnes,https://angel.co/jordan-curnes
Karin O'Connor,https://angel.co/karin-o-connor
Peter Liu,https://angel.co/peter-liu
Andrew Razeghi,https://angel.co/andrew-razeghi
Christopher Bissonnette,https://angel.co/christopher-bissonnette
Jason Fried,https://angel.co/jasonfried
Christopher Jensen,https://angel.co/christopher-jensen
Nigel Bahadur,https://angel.co/nigel-bahadur
Betsy Ziegler,https://angel.co/eziegler
Brett Keintz,https://angel.co/keintzb
Dan Ratner,https://angel.co/ratnerdaniel
Judd Morgenstern,https://angel.co/judd-morgenstern
Jason Henrichs,https://angel.co/jasonhenrichs
Alan Warms,https://angel.co/alanwarms
Jack Newhouse,https://angel.co/jack-newhouse
Jeffrey Carter,https://angel.co/pointsnfigures
Dave Galanis,https://angel.co/dave-galanis
Jeff Heitzman,https://angel.co/jeff-heitzman
Nancy Hua,https://angel.co/nancy-hua
Matt Spiegel,https://angel.co/mspiegel
Michael Gruber,https://angel.co/michael-gruber
Dan Armbrust,https://angel.co/dan-armbrust
Brian Baker,https://angel.co/bribak
Tyler Mayoras,https://angel.co/tyler-mayoras
Joe Pensinger,https://angel.co/joe-pensinger
Nate Houk,https://angel.co/natehouk
nigel carr,https://angel.co/nigel-carr
Joel Abraham,https://angel.co/joel-abraham
Craig Ulliott,https://angel.co/ulliott
Scott Skinger,https://angel.co/scott-skinger
Sam Guren,https://angel.co/sam-guren-2
Ravin Gandhi,https://angel.co/ravin-gandhi
Jay Hoffmann,https://angel.co/jay-hoffmann
Michael Burke,https://angel.co/michael-burke
Ed Scanlan,https://angel.co/ed-scanlan
Ryan Graves,https://angel.co/ryangraves
Ken Pelletier,https://angel.co/pelletk
Iman Jalali,https://angel.co/iman-jalali
Michael Sheng,https://angel.co/michael-sheng
Courtney Hull,https://angel.co/stayinthelight
Matt Moog,https://angel.co/matt-moog
Steve Mohebi,https://angel.co/steve-mohebi
Jeff Hyman,https://angel.co/jeffhyman
Beth Birnbaum,https://angel.co/beth-birnbaum
Nick Cromydas,https://angel.co/nick-cromydas
Doug Breaker,https://angel.co/dbreaker
John LeVert,https://angel.co/john-levert
George Monical,https://angel.co/georgemonical
Adam Sidney,https://angel.co/adam-sidney
Frank Muscarello,https://angel.co/frankmuscarello
Chris Plahm,https://angel.co/chris-plahm
Dan Malven,https://angel.co/dan-malven
Galen Mason,https://angel.co/galen-mason
Dave Hoover,https://angel.co/redsquirrel
Jason Weaver,https://angel.co/mixdown04
Dave Herrmann,https://angel.co/dave-herrmann
Tony Bombacino,https://angel.co/tony-bombacino
Dan Ushman,https://angel.co/dan-ushman
Jan Davis,https://angel.co/jan-davis
Jessica Sheft-Ason,https://angel.co/jessica-sheft-ason
Ben Pouladian,https://angel.co/benitos
Tim Krauskopf,https://angel.co/tim-krauskopf
Shobhan Thakkar,https://angel.co/shobhan-thakkar
Sascha Bopp,https://angel.co/sascha-bopp
Zac Cherry,https://angel.co/zac-cherry
Andy Narayanan,https://angel.co/andy-narayanan
Jim Larrison,https://angel.co/jlarrison
Chirag Garg,https://angel.co/chirag-garg
Michael Bruns,https://angel.co/mbruns
Christopher Ainsley,https://angel.co/christopher-ainsley
Doug Schaaf,https://angel.co/doug-schaaf
Robert Govoni,https://angel.co/robert-govoni
Joseph Patt,https://angel.co/joseph-patt
Kevin Lillie,https://angel.co/kevin-lillie
"Philip Settimi, MD",https://angel.co/philip-settimi-md
Mike Khristo,https://angel.co/mike-khristo
Hunter E. Bradford,https://angel.co/hunterbradford
Dominik Mazur,https://angel.co/mazur-dominik
Seth Kravitz,https://angel.co/sethkravitz
Cristobal Alonso,https://angel.co/cristobal-alonso
Justin Bouchard,https://angel.co/justin-bouchard
David Kadavy,https://angel.co/kadavy
Thomas Buchar,https://angel.co/thomas-buchar
Chris Conley,https://angel.co/chrisconleychicago
Sean Smyth,https://angel.co/sean-smyth
Pete Liguori,https://angel.co/pete-liguori
Ashees Jain,https://angel.co/ashees-jain
Dave DeMink,https://angel.co/dave-demink
John Roa,https://angel.co/johnroa
Ross Gordon,https://angel.co/ross-gordon
Alex Kahn,https://angel.co/alex-kahn
Chris LoPresti,https://angel.co/chris-lopresti
Kevin McCarty,https://angel.co/kevin-mccarty
Julie Smolyansky,https://angel.co/julie-smolyansky
John Ciasulli,https://angel.co/john-ciasulli-1
Anand Shah,https://angel.co/anand-shah-1
Vincent Ma,https://angel.co/angellaoma
Art Roldan,https://angel.co/art-roldan
Matt Priddy,https://angel.co/matthew-priddy
Jason Kozin,https://angel.co/jason-kozin
Jason Wadler,https://angel.co/jason-wadler
Bryce Emo,https://angel.co/bryce-emo-7
Scott Sheridan,https://angel.co/scott-sheridan
Juan M. Hernandez,https://angel.co/juan-hernandez
Amit Aysola,https://angel.co/amit-aysola
Jim Boccarossa,https://angel.co/jim-boccarossa
Mark Napier,https://angel.co/mark-napier
Justin Jarvinen,https://angel.co/justin-jarvinen
Howard Tullman,https://angel.co/tullman
E. Jeffrey Lyons,https://angel.co/e-jeffrey-lyons
Wood Chatham,https://angel.co/wood-chatham
Stephen Sullivan,https://angel.co/thinkscrappy
Aristo Partners,https://angel.co/aristo-partners-1
Steve Feldman,https://angel.co/steven-feldman
michael winnick,https://angel.co/mdubs
Mark Solovy,https://angel.co/msolovy
Dr. Chris Stout,https://angel.co/dr-chris-stout
Harry Gottlieb,https://angel.co/harry-gottlieb
Raja Bhatia,https://angel.co/raja
Tomás F. Serna,https://angel.co/tfserna
Shinji Kuwayama,https://angel.co/shinji-kuwayama
Paul Bauerschmidt,https://angel.co/bauersc
Tim Secontine,https://angel.co/tim-secontine
Clayton Cohn,https://angel.co/rockandride
Sanja Gauthier,https://angel.co/sanjagauthier
Godard Abel,https://angel.co/godard-abel
Adam Scott Riff,https://angel.co/adam-scott-riff
Thomas Pham,https://angel.co/thomas-pham
Brad Morehead,https://angel.co/bradmorehead
Vikas Bhakta,https://angel.co/vbb25-cornell-edu
Bill Fiely,https://angel.co/bill-fiely
Yaz Shehab,https://angel.co/yshehab
Andy Person,https://angel.co/andy-person
Euler Bropleh,https://angel.co/euler-bropleh
Raymond Lyle,https://angel.co/raymondlyle
Chris Carlson,https://angel.co/cwcarlsn
Alex Ross,https://angel.co/aross89
Phil Hammer,https://angel.co/phil-hammer
Raju Malhotra,https://angel.co/raju
Jay Apsey,https://angel.co/jay-apsey
Leon Ginsburg,https://angel.co/leon-ginsburg
Conor Barnes,https://angel.co/conor-barnes
Jay Alter,https://angel.co/jay-alter
Jon Abrams,https://angel.co/jon-abrams
James Adams,https://angel.co/james-adams-2
Peter Liu,https://angel.co/petereliu
Andy Pruitt,https://angel.co/andy-pruitt
Jason Malone,https://angel.co/jason-malone
Anthony B. Ferguson,https://angel.co/anthony-b-ferguson
Cem Baydar,https://angel.co/dr-cem-baydar
Stephen Sleigh,https://angel.co/stephen-sleigh
Eric Muschinski,https://angel.co/eric-muschinski
Brad Wilkening,https://angel.co/brad-wilkening
Jonathan Kinlay,https://angel.co/jonathan-kinlay
Kurt Summers,https://angel.co/kurt-summers
Jonathan Ellis,https://angel.co/jonathan-ellis-1
Ankur Mittal,https://angel.co/ankur-mittal
Kevin Saedi,https://angel.co/kevin-saedi
Garrett Dallas,https://angel.co/grdallas
Liad Wagman,https://angel.co/liad-wagman
Russell Schuster,https://angel.co/russell-schuster
William Dorsch,https://angel.co/william-dorsch
Matt Dellen,https://angel.co/matt-dellen
Brian Rosenzweig,https://angel.co/brian-janvest
Jim McGough,https://angel.co/jim-mcgough
Khushboo Maheshwari,https://angel.co/khushboo-maheshwari
Tom Firestine,https://angel.co/tfirestine
David Gamperl,https://angel.co/david-gamperl
E Anderle,https://angel.co/elkemcf
Joel Livet,https://angel.co/joel-livet
Joe Jacobs,https://angel.co/mrjoejacobs
Jeff Ubois,https://angel.co/jeff-ubois
Brandon R. Halcott,https://angel.co/brandon-r-halcott
Mary Khoury,https://angel.co/mary-khoury
J.J. Schwan,https://angel.co/jschwan
dacia hurter,https://angel.co/dacia
Matthew Caston,https://angel.co/matthew-caston
Stuart Miller,https://angel.co/stuart-miller
Scott Golas,https://angel.co/scott_golas
Nick Moran,https://angel.co/nmoran
Brett Dines,https://angel.co/brett-dines
Ankit Patel,https://angel.co/ankit-patel-3
jgabb,https://angel.co/jgabb
Jake Freeman,https://angel.co/jakelfreeman
Kishore Gangwani,https://angel.co/kishore-gangwani
Rex,https://angel.co/rex-5
Steve Strycula,https://angel.co/steve-strycula
Scott Kartsounes,https://angel.co/kartsounes
"Temi Oyeniyi, CFA, ACA",https://angel.co/temi
Arthur Tretyak,https://angel.co/arthur-tretyak
David Greene,https://angel.co/david-greene
Jim Perry,https://angel.co/jim-perry-1
A. Alexander Gillan,https://angel.co/a-alexander-gillan
Karen Kerr,https://angel.co/karen-kerr
Michael Levin,https://angel.co/michael-levin-2
Tom Stemen,https://angel.co/tom-s-1
John J. Kacinas,https://angel.co/john-j-kacinas
Erik Nathan,https://angel.co/enathan
Matt Brandenburg,https://angel.co/mbrandenburg
M K,https://angel.co/m-k
Arthur Kah-Git Wong,https://angel.co/arthur-kah-git-wong-mba-msc-csm
Steve Komie,https://angel.co/steve-komie
Brian Moulton,https://angel.co/brian-moulton
Peter D. Rose,https://angel.co/peter-d-rose-1
Oren Lund,https://angel.co/oren-lund
Dhananjay Khaitan,https://angel.co/dhananjay-khaitan
Michael Balkin,https://angel.co/michael-balkin
Kris Davis,https://angel.co/kris-davis-1
Zachary Smith,https://angel.co/zachary-smith-9256
Jim Siwek,https://angel.co/jim-siwek
Justin Ishikawa,https://angel.co/justin-ishikawa
Matthew Gleitsman,https://angel.co/matthew-gleitsman
Bill Davidson,https://angel.co/bill-davidson
robert stovall,https://angel.co/twotrademike-yahoo-com
Matt Loseke,https://angel.co/matthew-loseke
Brian Wolfe,https://angel.co/brian-wolfe-1
Gaurang Sardesai,https://angel.co/gaurang-sardesai
Tony Blood,https://angel.co/tonyblood
Steve Hill,https://angel.co/steve-hill-9047506
Daniel King,https://angel.co/king
Jorge Newbery,https://angel.co/jorge-newbery
Andrew Wright,https://angel.co/wrightap
Prantik Das,https://angel.co/prantikdas
Edip Pektas,https://angel.co/edip-pektas
Tim Adams,https://angel.co/wtimadams
Boris Ceko,https://angel.co/boris-ceko
Leon Deutsch,https://angel.co/leon-deutsch
John Lustig,https://angel.co/john-lustig
Mike Gordon,https://angel.co/mike-gordon
Christian Plaichner,https://angel.co/christian-plaichner
Maurio Fiore,https://angel.co/maurio-fiore
Michael Sa,https://angel.co/michael-sa
Al Kohlmann,https://angel.co/al-kohlmann
