Juan Diego Calle,https://angel.co/juandiegocalle
Hector Hulian,https://angel.co/hhulian
Mark Kingdon,https://angel.co/markkingdon
Jonathan Mirabito,https://angel.co/jonathan-mirabito
Andre Miranda,https://angel.co/andre-miranda
Tony Lopez,https://angel.co/tony-lopez-3
Marco Giberti,https://angel.co/marco-giberti
Daniel Echavarria,https://angel.co/daniel-echavarria
Lluis Faus,https://angel.co/lluis-faus
Damian Voltes,https://angel.co/dvoltes
Sanjay Kamlani,https://angel.co/sanjay-kamlani
Adam Rogas,https://angel.co/adam-rogas
Logan Lenz,https://angel.co/loganlenz
Andrew Carton,https://angel.co/acarton
Brian Canida,https://angel.co/brian-canida
Jose I. Canto,https://angel.co/jose-i-canto
W. Jeffrey Brown,https://angel.co/w-jeffrey-brown
Paul Karger,https://angel.co/the-paul-karger
Giuliano Stiglitz,https://angel.co/giuliano-stiglitz
Marcos Moralez,https://angel.co/uxdesigner
John O'Rourke,https://angel.co/john-o-rourke
Joaquim Venancio,https://angel.co/joaquimvenancio
Noah Slimak,https://angel.co/nslimak
Philipp Muehlbauer,https://angel.co/muehlbauer
Seth Elliott,https://angel.co/seth-elliott
Juan Pablo Cappello,https://angel.co/juan-pablo-cappello-1
Andrew Sturner,https://angel.co/orangeisle
Carl Marrelli,https://angel.co/carl-marrelli
Honor Gunday,https://angel.co/honor-gunday
Sergio Fernández de Córdova,https://angel.co/sfdecordova
Hernando Barreto,https://angel.co/hernando-barreto
Dave DeMink,https://angel.co/dave-demink
Michael Konig,https://angel.co/michael-konig
Jon Lamb,https://angel.co/jonlamb
Nestor Villalobos,https://angel.co/nvillalobos
Norman Fixel,https://angel.co/norman-fixel
David LeVine,https://angel.co/david-levine-2
Pierre Olivier Carles,https://angel.co/pocarles
Mark Ostrowski,https://angel.co/mark-ostrowski
Vadim Tarasov,https://angel.co/vadim-tarasov
Lars Fuhrken-Batista,https://angel.co/fuhrken71
Ryan Del Rosal,https://angel.co/ryan-del-rosal
Salomon Konig,https://angel.co/salomon-konig
Paul Edwards,https://angel.co/clickpimp
Adam Scott Riff,https://angel.co/adam-scott-riff
Ramón Hermosilla Gómez-Cuétara,https://angel.co/ramon-hermosilla
Alexandre GONZALES,https://angel.co/gonzal3x
Leon Ginsburg,https://angel.co/leon-ginsburg
JD Polk,https://angel.co/jd-polk
Guillermo Perez,https://angel.co/guillermo-perez
Guillermo Sención,https://angel.co/guillesencion
Enric Solé,https://angel.co/enric-sol
Michel Triana,https://angel.co/micheltriana
Christopher J. Crippen,https://angel.co/christopher-j-crippen
Joe Spano,https://angel.co/joe-spano
Alberto Tarajano,https://angel.co/alberto-tarajano
Rafael A Pinedo,https://angel.co/rafael-a-pinedo
Piers C,https://angel.co/piers-c
Zheng Fang,https://angel.co/zheng-fang
Yagiz Sozmen,https://angel.co/ysozmen
John Barson,https://angel.co/john-barson
Arnoldo J. Reyes,https://angel.co/arnoldoreyes
Ilian Obregon,https://angel.co/ilian-obregon
Levi Rosenblum,https://angel.co/levi-rosenblum
Erick Amador,https://angel.co/erick-amador
Jeff Schweiger,https://angel.co/jeff-schweiger
Peter Skelly,https://angel.co/peter-skelly
Mikel Aizpurua,https://angel.co/mikel-aizpurua
Ruy Chaves (Bratcher),https://angel.co/bratcherorg
MIchel Francis,https://angel.co/michel-francis
Anthony Murphy,https://angel.co/anthony-murphy-1
Romy B. Jurado,https://angel.co/businessattorney
Robert Sanford,https://angel.co/robert-sanford
daunte graham,https://angel.co/daunte-graham
Ronny Jessier,https://angel.co/rjessier
Enrique Urdaneta,https://angel.co/enrique-urdaneta
Marco Terry,https://angel.co/marco-terry
Javier Barreto,https://angel.co/javier-barreto
Gil Cohen,https://angel.co/gil-cohen
AL SOLO,https://angel.co/al-solo
Gustavo,https://angel.co/gustavo
James Rifkin,https://angel.co/james-rifkin
Pura Strong,https://angel.co/strongabogados
Ross Johnson,https://angel.co/ross-johnson
Alessio Mazzanti,https://angel.co/alessio-mazzanti
Gabriel Becerra,https://angel.co/gabriel-becerra1
