Jim Young,https://angel.co/jimydotorg
Gabriel Weinberg,https://angel.co/yegg
Chris Plough,https://angel.co/chrisplough
Scott Becker,https://angel.co/scottbecker
Bong Koh,https://angel.co/bong
Joel Englander,https://angel.co/joel-englander
Marc Ecko,https://angel.co/marcecko
David Bell,https://angel.co/david-bell1
Jeff Weiner,https://angel.co/jeff-weiner
Stephen Gill,https://angel.co/stephengill
Michael Provenzano,https://angel.co/michael-provenzano
Percy Nikora,https://angel.co/percy-n
Kartik Hosanagar,https://angel.co/hosanagar
Michael Kelley,https://angel.co/javamick01
Arie Abecassis,https://angel.co/arie-abecassis
Dave Kurtz,https://angel.co/davekurtz
Michael Levinson,https://angel.co/mikelevinson
"Cameron Newton, CFA",https://angel.co/cameron-newton-cfa
David Bookspan,https://angel.co/david-bookspan
David Famolari,https://angel.co/famolari
Ellen Weber,https://angel.co/ellenweber
Rada Ivanov,https://angel.co/radadada
Christine Tate,https://angel.co/christinetate
Holly Flanagan,https://angel.co/holly-flanagan
Michael Golden,https://angel.co/michael-golden
Sean McDade,https://angel.co/smcdade
Kevin Kruse,https://angel.co/kruse
Jamey Sperans,https://angel.co/jamey-sperans
Todd Lieberman,https://angel.co/todd-lieberman
Adrian Talapan,https://angel.co/adrian-talapan
Karl Ulrich,https://angel.co/karl-t-ulrich
Jonathan Mellinger,https://angel.co/jonathan-mellinger
Edward Wexler-Beron,https://angel.co/edward-wexler-beron
Mallesh Pai,https://angel.co/malleshpai
Valerie Gaydos,https://angel.co/valeriegaydos
Peter Hotz,https://angel.co/peter-hotz
Shu Chowdhury,https://angel.co/shuchowdhury
Roy Rosin,https://angel.co/roy-rosin
Ben Gray,https://angel.co/ben-gray-1
Rinu Jacob,https://angel.co/rinu-jacob
Brett Jaffe,https://angel.co/brett-jaffe
Shawn Sweeney,https://angel.co/shawn-sweeney
Steve Rosard,https://angel.co/steve-rosard
Sashi Reddi,https://angel.co/sashireddi
Sagar Shah,https://angel.co/sagar-shah-2
Bruce Hertzfeld,https://angel.co/bruce-hertzfeld
Patrick Mandia,https://angel.co/patrickmandia
Mitch Blumenfeld,https://angel.co/mitch-blumenfeld
Hardie Beloff,https://angel.co/hardie-beloff
Gabe Wilcox,https://angel.co/gabe-wilcox
Mike Harris,https://angel.co/mike-harris
Frank Graziano,https://angel.co/frank-graziano
Anthony Ortiz,https://angel.co/fitly-1
Jonathan,https://angel.co/mceuen
Brock Weatherup,https://angel.co/brock-weatherup
Nick Jekogian,https://angel.co/nick-jekogian
Bob Cooper,https://angel.co/bob-cooper
Beth Seyle Fenton,https://angel.co/elizabeth-seyle-fenton
"Brian Weisberg, CFA",https://angel.co/weisberg
Sam Earle,https://angel.co/samearle
Andrea Michalek,https://angel.co/amichalek
Ben Goldberg,https://angel.co/ben-g
Chris Stoddard,https://angel.co/chris-stoddard
Mike Eckert,https://angel.co/meckert
Dave Lenowitz,https://angel.co/dave-lenowitz
Michael Ghobrial,https://angel.co/michael-ghobrial
Rich Bronstein,https://angel.co/rich-bronstein
Kate Tepper,https://angel.co/kate-tepper
Alice Cathcart,https://angel.co/alice-cathcart
Ken Tomei,https://angel.co/ktomei
Mark Spangler,https://angel.co/mark-spangler
Chaka Fattah Jr.,https://angel.co/chaka-fattah-jr
Ben Levin,https://angel.co/ben-levin
Tyler Weinberg,https://angel.co/tweinberg
Stephen Honig,https://angel.co/stephen-honig
Jimmy Stone,https://angel.co/jimmyrstone
sean newell,https://angel.co/sean-newell
David Conner,https://angel.co/david-conner
Anthony Hui,https://angel.co/anthony-hui
Ahmet Can Arican,https://angel.co/ahmet-can-arican
Avonwood,https://angel.co/avonwood
Adam Blitzer,https://angel.co/adam-blitzer
