Rudy Gadre,https://angel.co/rudyg
David Nakayama,https://angel.co/davenak
Todd Warren,https://angel.co/todd-warren
Tom McInerney,https://angel.co/tgmtgm
Dave Schappell,https://angel.co/daveschappell
Nick Wyman,https://angel.co/nickwyman
Rob Wang,https://angel.co/rob-wang
Jed Stremel,https://angel.co/jedstremel
Dan Shapiro,https://angel.co/danshapiro
Werner Vogels,https://angel.co/werner
David Cohen,https://angel.co/davidcohen
Ben Huh,https://angel.co/benhuh
Jesse Robbins,https://angel.co/jesserobbins
Jason Seats,https://angel.co/jason-seats
Robert Martin,https://angel.co/robert-martin
Hadi Partovi,https://angel.co/hpartovi
Autumn Autrey,https://angel.co/aventuravc
Christopher Chan,https://angel.co/christopher-chan-1
Scott Ruthfield,https://angel.co/scott-ruthfield
Jay Westerdal,https://angel.co/westerdal
Joe Beda,https://angel.co/jbeda
Bill Bryant,https://angel.co/seattlebill
Martin Tobias,https://angel.co/martingtobias
William Guttman,https://angel.co/william-guttman
Peter Kravtsov,https://angel.co/peterk
Andy Sack,https://angel.co/andysack
Mark Moore,https://angel.co/mark-moore-3
Luis Salazar,https://angel.co/luis-salazar
Jon Staenberg,https://angel.co/staenman
Edward Yim,https://angel.co/edward-yim
Andy Getsey,https://angel.co/andy-getsey
Mike Davidson,https://angel.co/mike-davidson
Wilkins Chung,https://angel.co/wwhchung
Mike Mcsherry,https://angel.co/mike-mcsherry
Geoff Entress,https://angel.co/entress
Saed Nashef,https://angel.co/saed-nashef
Eric Koester,https://angel.co/eric-koester
Phil Gordon,https://angel.co/philnolimits
Joe Heitzeberg,https://angel.co/joe-heitzeberg
Andrew Rebele,https://angel.co/andyrebele
Srini Raghavan,https://angel.co/sriniraghavan
Steve Hall,https://angel.co/steve-hall
Michael Kim,https://angel.co/michaelkim1
Andrew Conru,https://angel.co/andrew-conru
Ken Glass,https://angel.co/ken_glass
Kristen Hamilton,https://angel.co/kristenmaryhamilton
Sanjay Parthasarathy,https://angel.co/sanjay-parthasarathy
Christina Storm,https://angel.co/chrissto
Eric Doebele,https://angel.co/eric-doebele
Mike Dussault,https://angel.co/mikedussault
Bob Lesko,https://angel.co/bob-lesko
Knut Magne Risvik,https://angel.co/knut-magne-risvik
Ryan Snodgrass,https://angel.co/ryan-snodgrass
John Musser,https://angel.co/john-musser
Adam Rogas,https://angel.co/adam-rogas
Brad Bouse,https://angel.co/doolittle
Robert Kapela,https://angel.co/robertkapela
Jonathan Sposato,https://angel.co/jonathan-sposato
Charles Fitzgerald,https://angel.co/charles-fitzgerald
Lex Liao,https://angel.co/lexliao
Andrew Carton,https://angel.co/acarton
Kim Rachmeler,https://angel.co/krachmeler
Andrew Royal,https://angel.co/andrew-royal
Michael Riccio,https://angel.co/michael-riccio
Nate Houk,https://angel.co/natehouk
Jens Molbak,https://angel.co/jens-molbak
Brian Arbogast,https://angel.co/brian-arbogast
Kenn Dahl,https://angel.co/kenn-dahl
T Seale,https://angel.co/tseale
Jon Zimmerman,https://angel.co/jpzimmerman
Joel Espelien,https://angel.co/espelienjb
Max Pellegrini,https://angel.co/maxpelle
Patrick Kavanagh,https://angel.co/patrickkavanagh
David Arnsdorf,https://angel.co/dave-arnsdorf
Brian Flynn,https://angel.co/brian-flynn
Natala Menezes,https://angel.co/natala
Boris Tamarkin,https://angel.co/boris-tamarkin
Paul Goodrich,https://angel.co/paul-goodrich
Akshay Navle,https://angel.co/akshay-navle
David Malcolm,https://angel.co/david-malcolm-127
Gaylord Kellogg,https://angel.co/gaylord-kellogg
Anthony Bontrager,https://angel.co/anthony-bontrager
Josh Free,https://angel.co/josh-free
Peter Kirwan,https://angel.co/peter-kirwan
Jon Kiehnau,https://angel.co/explore360
Bassam Saliba,https://angel.co/bassam-saliba
John Clark,https://angel.co/john-clark1
Trevin Chow,https://angel.co/trevin-chow
Erik Berg,https://angel.co/erikb
Steve Mohebi,https://angel.co/steve-mohebi
Tom Callaghan,https://angel.co/tom-callaghan
Michael Schutzler,https://angel.co/michael-schutzler
Shane Atchison,https://angel.co/shane-atchison-1
Brent Brookler,https://angel.co/brent-brookler
Andrew Wright,https://angel.co/andrew-wright-1
Aaron Bird,https://angel.co/aaron-bird
Prasad Mahendra,https://angel.co/prasadm
Gabriele Gresta,https://angel.co/bibop
Nitesh,https://angel.co/theniteshsingh
Corey Salka,https://angel.co/corey-salka
Enrique Godreau III,https://angel.co/enrique-godreau-iii
Michael Merz,https://angel.co/michael-merz
Brian Ma,https://angel.co/brianma
Bill Heston,https://angel.co/bill-heston
Tom Leung,https://angel.co/tom-leung
Bob Senoff,https://angel.co/bob-senoff
Keith Smith,https://angel.co/keith-smith-2
Brent Poole,https://angel.co/brent-poole
Jeff Kunins,https://angel.co/jeffkunins
David Jennings,https://angel.co/david-jennings
Nat Brown,https://angel.co/natbro
Doug Colbeck,https://angel.co/doug-colbeck
Allan Vermeulen,https://angel.co/allan-vermeulen
James Fyles,https://angel.co/james-fyles
Jeremy Irish,https://angel.co/jeremy-irish
Paul Stahura,https://angel.co/paul-stahura
Will O'Brien,https://angel.co/willobrien
Josh Maher,https://angel.co/joshmaher
Todd Dean,https://angel.co/todddean
Dan Rosen,https://angel.co/dan-rosen-1
Jacob Colker,https://angel.co/jacobcolker
Rahul Sood,https://angel.co/voodoopc
Damion Hankejh,https://angel.co/hankejh
Vik Duggal,https://angel.co/vikduggal
Tom Eng,https://angel.co/tom-eng
Kevin Bachus,https://angel.co/kevinbachus
Hal Bringman,https://angel.co/hal-bringman
Jonathan Reichhold,https://angel.co/jonathan-reichhold
Chris Yamashita,https://angel.co/chrisyamashita
Nitin Agarwal,https://angel.co/nitinag
Cameron Tangney,https://angel.co/cameront
Ravi Grover,https://angel.co/grover
Alejandro (Alex) Buschel,https://angel.co/alexbuschel
Todd Meldahl,https://angel.co/tmeldahl
Sridhar Chandrashekar,https://angel.co/sridhar-chandrashekar
Bradley Serbus,https://angel.co/brad-serbus
Steven Begeda,https://angel.co/steven-begeda
Chris Bradbury,https://angel.co/chris-bradbury
Alex Knight,https://angel.co/aknight
Ron Wiener,https://angel.co/ronwiener
David Geller,https://angel.co/davidgeller
Ryan Waliany,https://angel.co/rwaliany
Stefan Weitz,https://angel.co/stefanweitz
Danny Razore,https://angel.co/danny-razore
Scott Porad,https://angel.co/scottporad
Dave Richards,https://angel.co/daver
Bob Wise,https://angel.co/bob-wise
Kelly Kampen,https://angel.co/kellykampen
Ayush Agarwal,https://angel.co/ayushagarwal
James Gwertzman,https://angel.co/james-gwertzman
Keith Laepple,https://angel.co/keithlaepple
Brad Hefta-Gaub,https://angel.co/brad-hefta-gaub
Yaniv P,https://angel.co/yaniv-p
Hermann C.,https://angel.co/hermann
Jed Nahum,https://angel.co/jednahum
Will Poole,https://angel.co/wpoole8
Fraser Black,https://angel.co/fraser-black
Sanjay Chheda,https://angel.co/sanjay-chheda
Ryan Morel,https://angel.co/ryan-morel
Daniel Garrie,https://angel.co/danielgarrie
Eric Michelman,https://angel.co/eric-michelman
Michael Warsinske,https://angel.co/michael-warsinske
Joe Wallin,https://angel.co/joewallin
Yi-Jian Ngo,https://angel.co/yijianngo
Leon-Gerard Vandenberg,https://angel.co/leon-gerard-vandenberg
Senmiao Liu,https://angel.co/lsm
Paul Lippert,https://angel.co/paul-lippert
Robin Elenga,https://angel.co/robin-elenga
Spencer Looney,https://angel.co/spencer-looney
Gary Ebersole,https://angel.co/garyebersole
Michael Monu,https://angel.co/michaelmonu
Dudley Carr,https://angel.co/dudley-carr
Matt Ehrlichman,https://angel.co/matt-ehrlichman
Emer Dooley,https://angel.co/emer-dooley
Jeremy Rusnak,https://angel.co/jeremy-rusnak
Michael Pesce,https://angel.co/michael-pesce
Cathi Hatch,https://angel.co/cathi-hatch
Brian Goffman,https://angel.co/goffman
Pat Pendergast,https://angel.co/pat-pendergast
Alexander Stojanovic,https://angel.co/stojanovic
Michael Anderson,https://angel.co/mr-michaelanderson
Keith Smith,https://angel.co/keith-smith
John Suryan,https://angel.co/john-suryan
Norm Bontje,https://angel.co/norm-bontje
Shauna Causey,https://angel.co/shaunacausey
Richard Leeds,https://angel.co/richard-leeds
Bill Gossman,https://angel.co/billgossman
Marian Dusan,https://angel.co/marian-dusan
Adam Gering,https://angel.co/adam-gering
Stephan Fitch,https://angel.co/stephan-fitch
Adam Tratt,https://angel.co/adam-tratt-1
William Rademaker,https://angel.co/william-rademaker
David Reeves,https://angel.co/david-reeves
Tren Griffin,https://angel.co/trengriffin
Anthony Davis,https://angel.co/anthony-davis
Kevin Eagan,https://angel.co/kevin-eagan
Hoyt Prisock,https://angel.co/hoyt-prisock
Will Gordon,https://angel.co/will-gordon
Kevin Saliba,https://angel.co/kevin-saliba
Gavin White,https://angel.co/gavin-white
Scott Sheffield,https://angel.co/scott-sheffield
Beverly Vessella,https://angel.co/sumbev
Carey M. Brennan,https://angel.co/carey-m-brennan
Scott Weiss,https://angel.co/scott-weiss1
Bob Hiltner,https://angel.co/bobhilt
Fred von Graf,https://angel.co/fvongraf
Raju Malhotra,https://angel.co/raju
Robert Wahbe,https://angel.co/robert-wahbe
RichardLyon,https://angel.co/richardlyon
Tom Vessella,https://angel.co/tom-vessella
Bill Zimmerman,https://angel.co/billzimmerman
Chris NeVan,https://angel.co/chris-nevan-3
Vijay Nandwani,https://angel.co/vijay-nandwani
Keith Hwang,https://angel.co/keith-hwang
Sebastian J Gunningham,https://angel.co/sebastiangun
Jonathan Zinsmeyer,https://angel.co/jzinsmeyer
Bill Bartlett,https://angel.co/billbartlett
Cos Roberts,https://angel.co/croberts
Eduardo Rosini,https://angel.co/eduardorosini
Ammen Jordan,https://angel.co/ammen-jordan
Brian Watkins,https://angel.co/brian-watkins
Mitchell London,https://angel.co/mitchell-london
Eric Anderson,https://angel.co/ec_anderson
Yale Wong,https://angel.co/yalewong
Chris Morse,https://angel.co/chrismorse
Scott White,https://angel.co/scott-white-6
Greg Brown,https://angel.co/gregbrown6
Matthew Hall,https://angel.co/matthew-hall-4
Ron Erickson,https://angel.co/rperickson
Himanshu Tayal,https://angel.co/himanshu-tayal-1
Ashish Chawla,https://angel.co/ashish-chawla
David Officer,https://angel.co/david-officer-sphr
Ryan Cooper,https://angel.co/ryan-cooper-2
Samir Bodas,https://angel.co/samir-bodas
JP Zarate,https://angel.co/jp-zarate
Jonathan Yagoobian,https://angel.co/jonathan-21
Shaun Botha,https://angel.co/shaun-botha
Naveen Valeti,https://angel.co/naveen-valeti
Beth Mercante,https://angel.co/beth-mercante
Arif Gangji,https://angel.co/arifgan
Mike Perry,https://angel.co/opssek
Dan Smith,https://angel.co/dan-smith-3
k dowdall,https://angel.co/k-dowdall
Stephanie Ellis-Smith,https://angel.co/stephanie-ellis-smith
Jim Brinton,https://angel.co/jim-brinton
Ziad Mohammed,https://angel.co/ziaad10
Joseph Jarzembowski,https://angel.co/josepj-jarzembowski
Maziar Mahboubian,https://angel.co/maziar-mahboubian
Bob Muraski,https://angel.co/bob-muraski
"Jeff Peterson, MD",https://angel.co/jeff-peterson-md
Randall Herman,https://angel.co/randall-herman
Todd Biggs,https://angel.co/todd-biggs
Anubhav Kushwaha,https://angel.co/anubhav-kushwaha
Nathan Herring,https://angel.co/nherring
Ting Huang,https://angel.co/ting-huang
Jim Tennyson,https://angel.co/jim-tennyson
Kristi Marchbanks,https://angel.co/kristi-marchbanks
Craig Watson,https://angel.co/craig-watson-2
Sam Cohen,https://angel.co/sammybcohen
Jay Peterson,https://angel.co/jay-peterson
Waqas Ahmed,https://angel.co/waqas-1
Dave Retchless,https://angel.co/dave-retchless
Harker Hearne,https://angel.co/harker-hearne
Duane Dahl,https://angel.co/duane-dahl-1
Charlie Lorme,https://angel.co/charlie-lorme
Aaron Wolff,https://angel.co/aaron-wolff
Justin LaJoie,https://angel.co/jlajoie
Nick Altar,https://angel.co/nick-altar
"Jeffrey T. Taylor, DMD",https://angel.co/jeffrey-t-taylor
Larry Hitchon,https://angel.co/larry-hitchon
Nathan McDonald,https://angel.co/nathan-mcdonald
